"Cluster","Primary keyword","Related entities and subquestions","Intent","Canonical target URL","Status","Funnel","Priority","Recommended format","Internal links","Cannibalization risk"
"Brand","Brolly Exam Prep","Brolly Academy; login; mock tests; study material","Navigational","https://brollyexamprep.com/","Existing","Return","High","Homepage with accurate product inventory","About; mock tests; study material","Keep brand facts on About; homepage owns brand query"
"Category","competitive exam preparation online","government exams; entrance exams; mock tests; syllabus","Commercial investigation","https://brollyexamprep.com/","Existing","Awareness","High","Platform overview plus clear available features","Government exams; entrance exams; practice","Do not create synonym pages for online exam preparation"
"Government exams","government exams in India","SSC; banking; railway; UPSC; defence; teaching; state exams","Informational","https://brollyexamprep.com/government-exams/","Existing","Awareness","High","Exam-family decision hub","All government exam families","Exam-family pages own their narrower terms"
"SSC hub","SSC exams","SSC CGL; CHSL; MTS; GD; CPO; JE","Informational","https://brollyexamprep.com/government-exams/ssc/","Existing","Awareness","High","Comparison hub","All SSC exam guides","Individual exams own exam-specific queries"
"SSC CGL guide","SSC CGL exam","eligibility; stages; posts; official notification","Informational","https://brollyexamprep.com/government-exams/ssc/ssc-cgl/","Existing","Consideration","High","Authoritative pillar guide","Syllabus; pattern; papers; preparation; diagnostic","Resource subpages must not repeat the base overview"
"SSC CGL syllabus","SSC CGL syllabus","Tier 1; Tier 2; subject topics; official PDF","Informational","https://brollyexamprep.com/government-exams/ssc/ssc-cgl/syllabus/","Existing","Consideration","High","Section-wise syllabus with source and change log","SSC CGL; pattern; study topics","Pattern page owns timing and marking"
"SSC CGL pattern","SSC CGL exam pattern","questions; marks; negative marking; timing","Informational","https://brollyexamprep.com/government-exams/ssc/ssc-cgl/exam-pattern/","Existing","Consideration","High","Stage comparison table plus official citation","SSC CGL; syllabus; diagnostic","Syllabus page should summarize, then link here"
"SSC CGL test","SSC CGL mock test free","timed diagnostic; questions; answers; explanations","Transactional","https://brollyexamprep.com/mock-tests/ssc-cgl/","Existing","Conversion","High","Attemptable diagnostic with transparent length","SSC CGL pillar; mock hub; relevant lessons","Do not call it full-length until it matches the official paper"
"SSC CGL papers","SSC CGL previous year paper","official archive; answer key; topic frequency","Informational","https://brollyexamprep.com/government-exams/ssc/ssc-cgl/previous-year-papers/","Existing","Consideration","High","Official-link directory plus original topic study","SSC CGL; previous-paper method","Generic previous-paper page owns the method"
"Banking hub","bank exam preparation","SBI PO; IBPS PO; clerk; RRB; RBI Grade B","Commercial investigation","https://brollyexamprep.com/government-exams/banking/","Existing","Awareness","High","Exam comparison hub","All banking exams; quant; reasoning; English","Individual exam pages own specific exams"
"IBPS PO","IBPS PO preparation","syllabus; pattern; previous papers; mock diagnostic","Informational","https://brollyexamprep.com/government-exams/banking/ibps-po/","Existing","Consideration","High","Exam pillar","Six resources; diagnostic; banking awareness","Separate resource intent cleanly"
"IBPS PO test","IBPS PO mock test free","prelims diagnostic; negative marking; explanations","Transactional","https://brollyexamprep.com/mock-tests/ibps-po/","Existing","Conversion","High","Attemptable diagnostic","IBPS PO pillar; quant; reasoning","Avoid competing family test pages"
"SBI PO","SBI PO preparation","prelims; mains; interview; descriptive writing","Informational","https://brollyexamprep.com/government-exams/banking/sbi-po/","Existing","Consideration","High","Exam pillar with stage decisions","Six resources; diagnostic","IBPS comparisons belong on banking hub"
"Railway hub","railway exam preparation","RRB NTPC; Group D; ALP; JE; RPF","Informational","https://brollyexamprep.com/government-exams/railways/","Existing","Awareness","High","Role and exam comparison hub","All railway exams","Exam pages own exact recruitment terms"
"RRB NTPC","RRB NTPC preparation","CBT stages; syllabus; pattern; posts","Informational","https://brollyexamprep.com/government-exams/railways/rrb-ntpc/","Existing","Consideration","High","Exam pillar","Resources; diagnostic; official railway source","Avoid separate pages for wording variants"
"UPSC hub","UPSC exam preparation","CSE; NDA; CDS; CAPF; engineering services; IFS","Informational","https://brollyexamprep.com/government-exams/upsc/","Existing","Awareness","High","Exam-family decision hub","All UPSC exams","CSE owns civil-services preparation"
"UPSC CSE","UPSC Civil Services preparation","prelims; mains; optional; interview; CSAT","Informational","https://brollyexamprep.com/government-exams/upsc/upsc-civil-services/","Existing","Consideration","High","Deep pillar and planning tool","Resources; polity; economy; history; current-affairs method","Do not create IAS synonym doorway pages"
"State exams","state government exams","PSC; police; TET; state syllabus; state language","Informational","https://brollyexamprep.com/government-exams/state/","Existing","Awareness","High","State-selection hub","Seven state pages; state resource hubs","State pages own geographic terms"
"Bihar exams","Bihar government exams","BPSC; BSSC; CSBC; official sources; Hindi medium","Informational","https://brollyexamprep.com/government-exams/state/bihar/","Existing","Consideration","High","State pillar with commission comparison","State syllabus; papers; study material; diagnostic","BPSC-specific future page only with distinct depth"
"Telangana exams","Telangana government exams","TGPSC; police; TET; Telugu; official sources","Informational","https://brollyexamprep.com/government-exams/state/telangana/","Existing","Consideration","High","State pillar","Telangana Police; state resources","Avoid duplicate TS/Telangana variant pages"
"Study material","competitive exam study material","quant; reasoning; English; polity; history; science","Informational","https://brollyexamprep.com/study-material/","Existing","Awareness","High","Subject library hub","Every subject hub","Topics own specific concept queries"
"Quantitative aptitude","quantitative aptitude for competitive exams","arithmetic; percentage; ratio; time and work; speed","Informational","https://brollyexamprep.com/study-material/quantitative-aptitude/","Existing","Consideration","High","Subject hub with learning path","All quant lessons; diagnostics","Each lesson owns its topic"
"Percentages","percentage questions for competitive exams","successive change; percentage points; worked examples","Informational","https://brollyexamprep.com/study-material/quantitative-aptitude/percentages/","Existing","Consideration","Medium","Lesson, examples and practice","Quant hub; profit and loss; ratio","Do not split question wording variants"
"Reasoning","reasoning for competitive exams","syllogism; puzzles; seating; coding; series","Informational","https://brollyexamprep.com/study-material/reasoning/","Existing","Consideration","High","Subject hub","All reasoning lessons","Topic pages own exact concepts"
"Previous papers","how to use previous year papers","find official papers; tag topics; preserve unseen papers","Informational","https://brollyexamprep.com/previous-year-papers/","Existing","Awareness","High","Method guide plus exam-family routes","All exam paper resources","Does not own individual exam-paper query"
"Mock tests","free mock tests for government exams","available tests; honest length; scoring; explanations","Transactional","https://brollyexamprep.com/mock-tests/free/","Existing","Conversion","High","Live inventory only","Eight diagnostics; exam pillars","Family pages filter; test pages transact"
"Current affairs method","how to prepare current affairs for competitive exams","primary sources; themed notes; retrieval; monthly revision","Informational","https://brollyexamprep.com/current-affairs/","Existing","Awareness","Medium","Evergreen process guide","Topic and exam current-affairs hubs","Do not target today's news until a verified feed exists"
"Exam notification method","how to check government exam notification","official website; PDF; corrigendum; dates; eligibility","Informational","https://brollyexamprep.com/exam-updates/latest-notifications/","Existing","Awareness","Medium","Official-source checklist","Exam updates; calendars; individual exam guides","Do not imply a live tracker without data operations"
"AI search guide","Google AI search optimization guide","AI Overviews; AI Mode; RAG; fan-out; GEO; AEO; llms.txt","Informational","https://brollyexamprep.com/blog/google-ai-search-optimization-guide/","Existing","Awareness","Medium","Primary-source explanatory article","Editorial policy; site architecture examples","Keep separate from exam-preparation topical authority"
"Hindi government exams","सरकारी परीक्षा की तैयारी","SSC; बैंकिंग; रेलवे; राज्य परीक्षा; हिंदी मॉक टेस्ट","Informational","Future /hi/ architecture after native review","New dependency","Awareness","High","Native Hindi hubs with hreflang and parity","English equivalents and language selector","Do not machine-translate or mix Hindi into English canonicals"
"Hindi SSC CGL","SSC CGL की तैयारी","सिलेबस; परीक्षा पैटर्न; पिछले पेपर; मॉक टेस्ट","Informational","Future /hi/government-exams/ssc/ssc-cgl/","New dependency","Consideration","High","Native Hindi pillar and resources","Hindi SSC hub; Hindi subject lessons","Requires maintained content parity and native QA"
"Regional language","Telangana exams Telugu preparation","TGPSC; Telugu medium; official Telugu notice","Informational","Future language route after demand validation","New dependency","Consideration","Medium","Native-language state guide","Telangana pillar; official source","Validate Search Console demand before expansion"
"Comparison","SSC CGL vs banking exams","eligibility; syllabus overlap; stages; job type","Commercial investigation","Future /guides/ssc-cgl-vs-bank-exams/","New","Consideration","Medium","Decision table with explicit assumptions","SSC hub; banking hub; quant; reasoning","Create only after SERP/GSC confirms distinct intent"
"Original research","SSC CGL topic frequency study","official papers; topic tags; year; stage; methodology","Linkable research","Future /research/ssc-cgl-topic-frequency/","New dependency","Awareness","High","Downloadable sourced dataset and methodology","SSC papers; syllabus; lessons","Requires licensed/official papers and reproducible tagging"
"Tool","negative marking score calculator","correct; wrong; blank; marks; penalty; exam rules","Utility","Future /tools/negative-marking-calculator/","New","Conversion","High","Accessible calculator with formulas and examples","Exam pattern pages; diagnostics","One tool handles parameter variants"
